household_id,full_name
aaaaaaaa-aaaa-4aaa-8aaa-aaaaaaaaaaaa,Tyler Straffon
aaaaaaaa-aaaa-4aaa-8aaa-aaaaaaaaaaaa,Emily Riley
bbbbbbbb-bbbb-4bbb-8bbb-bbbbbbbbbbbb,Marcus Webb
cccccccc-cccc-4ccc-8ccc-cccccccccccc,David Hartley
cccccccc-cccc-4ccc-8ccc-cccccccccccc,Susan Hartley
cccccccc-cccc-4ccc-8ccc-cccccccccccc,Owen Hartley
cccccccc-cccc-4ccc-8ccc-cccccccccccc,Claire Hartley
dddddddd-dddd-4ddd-8ddd-dddddddddddd,Priya Nair
dddddddd-dddd-4ddd-8ddd-dddddddddddd,Sam Okafor
eeeeeeee-eeee-4eee-8eee-eeeeeeeeeeee,Sarah Bennett
ffffffff-ffff-4fff-8fff-ffffffffffff,Sarah Coleman
